Image,Annotation,Objective_1,Objective_2,Subjective_1,Subjective_2
image1.jpg,"Here's an annotation of the image:

**Group of Friends Sitting on a Wall**

The image shows a group of five young adults, three women and two men, sitting together on a low wall outdoors.  They are smiling and appear friendly, suggesting a close relationship.  The background is a slightly blurred-out outdoor scene with trees and a clear sky.

**Individual Annotations:**

* **Woman 1 (Far Left):** Female, appears to be 18-22 years old, wearing a red long-sleeved shirt and blue jeans, smiling and happy.  Action: Sitting and engaging with the group.
* **Man 1 (Center Left):** Male, appears to be 18-22 years old, wearing a blue button-down shirt and blue jeans, smiling. Action: Sitting, arms around the women beside him.
* **Woman 2 (Center):** Female, appears to be 18-22 years old, wearing a light-colored shirt and dark pants, smiling. Action: Sitting with arms around the people next to her.
* **Woman 3 (Center Right):** Female, appears to be 18-22 years old, wearing a dark t-shirt and blue jeans, smiling. Action: Sitting, arms around the people next to her.
* **Man 2 (Far Right):** Male, appears to be 18-22 years old, wearing a dark polo shirt and blue jeans, smiling. Action: Sitting, arms around the women next to him.

**Overall:** The image portrays a group of young adults exhibiting friendship and camaraderie. The setting is casual and relaxed.",Error,"The annotation doesn't specify the color of the main object.  The main object is the *group of friends*, and they are wearing various colors of clothing: red, blue, light-colored, and dark-colored shirts and dark blue jeans.  There's no single dominant color for the group as a whole.",The mood of the people in the image is overwhelmingly **happy and content**.  The descriptions repeatedly mention smiling faces and the physical closeness suggests a feeling of ease and comfort within the group.  The overall impression is one of joy and camaraderie.,"The annotations describe five individuals: three women and two men.  The annotation does *not* provide information about their race.  Only their apparent age, gender, clothing, and actions are described."
image2.jpg,"Here's an annotation of the image:

**Person 1 (Left):**

* **Gender:** Male
* **Age:** 60-70 years old
* **Action:** Sitting, laughing, holding a walking stick.

**Person 2 (Right):**

* **Gender:** Male
* **Age:** 60-70 years old
* **Action:** Sitting, gesturing towards Person 1, possibly talking or listening.

**Overall Scene:**

* Two elderly men are sitting together outdoors in a park-like setting, engaging in conversation and laughter.  The scene suggests friendship, companionship, and enjoyment of leisure time.",There are two people in the image.,"The provided annotation describes the scene and the people in it, but doesn't mention any specific objects or their colors.  Therefore, it's impossible to determine the color of the main object from this information alone.  To answer your question, I need the image itself.","The mood of the people in the image is jovial, happy, and content.  The laughter and gestures suggest a lighthearted and friendly interaction.  The overall scene evokes a sense of peace and enjoyment of companionship.",The annotations state that both individuals appear to be men.  The annotation does *not* provide information about their race.
image3.jpg,"Here's an annotation of the image:

**Gender:** Female
**Age:** 30-40 years old (estimated)
**Action:** Holding and reviewing a tablet computer; appearing happy and confident.","The annotation only describes one person.  Therefore, there is **one** person in the image.",The annotation doesn't describe the color of the tablet.  More information is needed to answer the question.,"Based on the annotation, the mood of the person in the image is **happy and confident**.","The annotation only provides gender and age.  It gives no information about race.  Therefore, based on the provided information, the person appears to be a female, aged 30-40.  Her race is unknown."
image4.jpg,"Here's an annotation of the image:

**Gender:** Female
**Age:** 25-30 (This is an estimate based on appearance.  It could easily be a few years younger or older.)
**Action:** Standing with arms crossed, posing for a photo.  The expression is confident and approachable.","The annotation describes only one person.  Therefore, there is **one** person in the image.","The annotation doesn't describe the color of the main object (presumably the woman in the photo).  To know the color, I need to *see* the image.",Error,Error
image5.jpg,"Here's an annotation of the image:

**Gender:** Male

**Age:** Appears to be middle-aged, perhaps 40-50 years old.  The lines on his face suggest a life lived outdoors.

**Action:**  The man is posed for a portrait. He is sitting or standing relatively still, holding what appears to be a ceremonial pipe or similar object. His gaze is directed slightly off-camera, giving the impression of a thoughtful or pensive mood.  The overall posture suggests he's dignified and composed.

**Additional Notes:**  The image shows an Indigenous man, likely from North America (given the style of clothing and headdress). The various adornments and the style of the photo suggests the picture was taken sometime during the late 19th or early 20th century. The buttons on his jacket seem to be campaign buttons, which adds a layer of historical context, showing the interaction between Native American communities and broader US society.","The annotation describes only one person: a middle-aged Indigenous man.  Therefore, there is **one** person in the image.","The provided annotation doesn't describe the color of the pipe (or any other object for that matter).  Therefore, I cannot answer your question.","The mood of the man in the image is likely **pensive and contemplative**, perhaps even slightly melancholic.  His slightly averted gaze, dignified posture, and the holding of a ceremonial object all suggest a thoughtful reflection on something, possibly his life, his heritage, or the changing times implied by the campaign buttons. The overall impression is one of quiet dignity and a sense of bearing witness to historical events.","Based on the annotation, the person appears to be a **male** of **Indigenous North American** race."
image6.jpg,"Here's a description of the image with annotations:

**Family Reading Together**

The image shows a Black family of four engaged in a shared activity.  

* **Man (Father):**  Male, appears to be in his 30s, dark complexion, wearing a teal and white shirt.  **Action:** Reading a book aloud, holding a child on his lap.

* **Woman (Mother):** Female, appears to be in her 30s, dark complexion,  wearing a grey top.  **Action:**  Looking lovingly at the children and the book.  Partially visible behind other family members.

* **Girl (Daughter):** Female, appears to be around 8-10 years old, dark complexion, wearing a light blue top. **Action:** Sitting next to her father, listening attentively.

* **Boy (Son):** Male, appears to be around 6-8 years old, dark complexion, wearing a dark grey shirt.  **Action:** Sitting on his father's lap, listening and smiling.

The overall **action** of the family is reading a book together, creating a warm and loving scene. The setting appears to be a brightly lit living room.","There are four people in the image: a father, a mother, a daughter, and a son.","The description doesn't specify the color of the main object, which is the book.  The colors of the clothing are described, but not the book itself.","The mood of the family in the image is overwhelmingly **calm, happy, and loving**.  The actions described (reading together, attentive listening, loving glances) all contribute to a feeling of warmth, connection, and peaceful enjoyment.","The image depicts a Black family.  The father, mother, daughter, and son all appear to be Black."
image7.jpg,"Here's an annotation of the image:

**Person 1 (Left):**

* **Gender:** Male
* **Age:** Young adult (approximately 18-25 years old)
* **Action:** Standing, slightly leaning against the wall, holding a phone.

**Person 2 (Center):**

* **Gender:** Female
* **Age:** Young adult (approximately 18-25 years old)
* **Action:** Standing with arms crossed, looking directly at the camera.

**Person 3 (Right):**

* **Gender:** Male
* **Age:** Young adult (approximately 18-25 years old)
* **Action:** Standing with hands in pockets, looking directly at the camera.


All three individuals appear to be posing for a photo against a green background.  Their attire suggests a casual, possibly college-aged or young professional setting.",There are three people in the image.,"The annotation states the background is green.  Therefore, the main object (the background in this case) is **green**.","The provided annotations don't give any information about the individuals' expressions or body language beyond their posture.  Therefore, it's impossible to definitively determine their mood from the description alone.  They could be happy, neutral, bored, apprehensive, or any number of other emotional states.  More information about their facial expressions and overall body language is needed.","The provided annotation doesn't specify the race of any of the individuals.  It only provides information about their gender, age, and actions.  To determine their race would require seeing the actual image."
image8.jpg,"Here's an annotation of the image:

* **Person 1 (Left):** Female, appears to be in her late 20s to early 30s, Black/African American ethnicity,  wearing a maroon shirt, smiling, holding a baby.  Action: Holding and smiling at the baby.

* **Person 2 (Center):** Child, approximately 1-2 years old, mixed race (appears to have Black and potentially white or other heritage features), wearing an orange and beige overall outfit. Action:  Smiling and being held.

* **Person 3 (Right):** Male, appears to be in his late 20s to early 30s,  white ethnicity, wearing a horizontally striped shirt. Action: Holding the baby, smiling, and interacting with the child and his partner.

The overall scene depicts a happy family in an outdoor setting, likely a park.  The action is focused on the parents interacting lovingly with their young child.",Error,"The annotation doesn't describe the color of a *main* object.  It describes the clothing colors of the people in the image.  There's no mention of a central object like a toy, blanket, or piece of furniture.  Therefore, I cannot answer your question.","The mood of the people in the image is overwhelmingly **joyful, happy, and loving**.  The descriptions of smiles, loving interactions, and the overall family setting strongly convey a positive and affectionate mood.","Based on the annotation:

* **Person 1:** Black/African American female.
* **Person 2:** Mixed race child (Black and potentially white or other).
* **Person 3:** White male."
image9.jpg,"Here's an annotation of the image:

**Gender:** Female
**Age:** Young adult (approximately 20-25 years old)
**Action:** Posing; The subject appears to be passively posing for a photograph, gazing slightly off-camera.  There is no active movement implied.","The annotation describes only one person.  Therefore, there is **one** person in the image.","The provided annotation gives information about the *person* in the image, not the color of any object.  To answer your question, I need to see the image.","The provided annotation doesn't give enough information to determine the mood of the person in the image.  While we know the person is passively posing, the subtle off-camera gaze could suggest a variety of moods: pensive, thoughtful, wistful, bored, slightly apprehensive, or even simply relaxed.  More information about her expression (e.g., a slight smile, furrowed brow, downturned mouth) is needed to determine her mood.",The annotation only provides gender (female) and age.  It doesn't offer information about race.
image10.jpg,"Here's an annotation of the image:

**Gender:** Female
**Age:** Young adult (approximately 20-30 years old)
**Action:** Smiling, posing for a portrait.  She appears to be standing still and looking directly at the camera.","The annotation describes only one person.  Therefore, there is **one** person in the image.","The provided annotation gives information about the person in the image, but doesn't describe the color of their clothing or any other object.  Therefore, it's impossible to determine the color of the main object in the image based solely on this annotation.","Based solely on the annotation, the mood of the person in the image is likely **happy** or **content**.  Smiling and posing for a portrait suggests a positive and agreeable mood.","The annotation only provides gender and age.  It gives no information about race.  Therefore, based on the provided annotation, the person appears to be a female, young adult.  Their race is unknown."
